id,model,nominal_rotor_mm,supply_s,voltage_v,voltage_basis,current_min_a,current_max_a,reported_power_w,thrust_min_gf,thrust_max_gf,assembly_mass_g,price_each,currency,price_basis,performance_source,price_source,notes
pf70_4s,PowerFun 70 mm D2842-3400KV,70,4,14.79,measured_loaded,52.5,52.5,776,1435,1435,178,47.50,GBP,listed_2026-09-05,https://www.4-max.co.uk/edf-pf-70mm-4S.html,https://www.4-max.co.uk/edf-pf-70mm-4S.html,Firsthand 4-Max free-air test with inlet ring; same motor designation as owner DD is not proof of identical assembly
pf70_4s_on3s,PowerFun 70 mm D2842-3400KV on 3S,70,3,11.13,measured_loaded,34.5,34.5,384,887,887,178,47.50,GBP,same_product_as_pf70_4s,https://www.4-max.co.uk/edf-pf-70mm-4S.html,https://www.4-max.co.uk/edf-pf-70mm-4S.html,Additional voltage point for same 4S product; not a separate purchase or partial-throttle curve
pf70_6s,PowerFun 70 mm D2842-2300KV,70,6,22.26,measured_loaded,51.8,51.8,1148,1816,1816,178,53.49,GBP,listed_2026-09-05,https://www.4-max.co.uk/edf-pf-70mm-6S.html,https://www.4-max.co.uk/edf-pf-70mm-6S.html,Firsthand supplier test; reported watts differ slightly from voltage times current
fw70_4s,Freewing E7215 2849-2550KV,70,4,14.8,catalog_nominal,55,55,,1500,1500,180,45.99,USD,listed_2026-09-05,https://www.freewingmodel.com/478.html,https://motionrc.com/collections/edf-power-systems,Use current 2550KV assembly specs; older E7215 motor revisions differ; no duration or part-throttle curve on page
fw70_6s_budget,Freewing E7216 3048-2150KV,70,6,22.2,catalog_nominal,55,58,1350,2050,2200,220,43.99,USD,listed_2026-09-05,https://www.freewingmodel.com/461.html,https://motionrc.com/collections/edf-power-systems,Older catalog assembly; no live stock confirmation; listed watts exceed nominal voltage times listed current range
fw70_6s_standard,Freewing E7219 2952-2100KV,70,6,22.2,catalog_nominal,54,57,,2150,2150,220,78.49,USD,listed_2026-09-05,https://www.freewingmodel.com/592.html,https://motionrc.com/collections/edf-power-systems,Forward and reverse assemblies listed; nominal point only
fw70_6s_pro,Freewing E7218 2957-2210KV,70,6,22.2,catalog_nominal,66,70,,2500,2600,240,81.79,USD,listed_2026-09-05,https://www.freewingmodel.com/462.html,https://motionrc.com/collections/edf-power-systems,Manufacturer recommends 80 A 6S ESC; catalog duration and part-throttle curve absent; reverse E7218R separately listed by dealer
fw80_6s_outrunner,Freewing E7238 3530-1680KV,80,6,22.2,catalog_nominal,78,78,1800,2770,2770,285,78.49,USD,listed_2026-09-05,https://www.freewingmodel.com/863.html,https://motionrc.com/collections/edf-power-systems,Larger diameter; 100 A ESC recommendation; listed watts differ from nominal voltage times current
fw80_6s_inrunner,Freewing E72314 3658-2150KV,80,6,22.2,catalog_nominal,103,103,2389,3400,3500,340,110.99,USD,listed_2026-09-05,https://www.freewingmodel.com/862.html,https://motionrc.com/collections/edf-power-systems,Larger diameter and much higher current; E72314U is a separate listing not assumed identical; nominal volts times amps differs from reported watts
