role,choice_status,manufacturer,mpn,quantity_per_robot,supplier,supplier_sku,unit_price_usd,fulfillment,reported_availability,checked_date,url,notes
motor,preferred_candidate,Pololu,4846,2,DigiKey,2183-4846-ND,56.95,marketplace_manufacturer_shipped,stock_reported,2026-09-12,https://www.digikey.com/en/products/detail/pololu/4846/10450248,Ships from Pololu; not independent distributor inventory
motor,preferred_candidate,Pololu,4846,2,RobotShop,RB-Pol-840,56.95,distributor_listing,restocking_soon,2026-09-12,https://www.robotshop.com/products/pololu-12v-751-metal-gear-motor-hp-48-cpr-protected-encoder,Same motor as DigiKey row; do not sum supplier alternatives
controller,preferred_candidate,Basicmicro,IMC404,1,RobotShop,RB-Bat-22,79.95,distributor_listing,restocking_soon,2026-09-12,https://www.robotshop.com/products/roboclaw-2x7a-6-34vdc-regenerative-motor-controller,RoboClaw dual brushed driver with encoder velocity control
controller,preferred_candidate,Basicmicro,IMC404,1,Pololu,3682,79.95,distributor_listing,backorder_owner_confirmed,2026-09-12,https://www.pololu.com/product/3682,Same IMC404; unavailable for immediate distributor fulfillment
controller,preferred_candidate,Basicmicro,IMC404,1,ServoCity,IMC404,79.99,distributor_listing,listed_without_out_of_stock_label,2026-09-12,https://www.servocity.com/roboclaw-2x7a-motor-controller/,Dispatch unverified; confirm supplied hardware revision before mount release
controller,preferred_candidate,Basicmicro,IMC404,1,Basicmicro,IMC404,79.95,manufacturer_direct,stock_reported,2026-09-12,https://www.basicmicro.com/RoboClaw-2x7A-Motor-Controller_p_55.html,Manufacturer-direct purchase; does not establish distributor stock
wheel,preferred_candidate,goBILDA,3626-0014-0072,2,RobotShop,RB-Sct-3644,8.99,on_demand,not_normally_stocked,2026-09-12,https://www.robotshop.com/products/servocity-hogback-traction-wheel-72mm-diameter-50a-durometer,72 mm diameter; wet-floor traction not established
hub,preferred_candidate,goBILDA,1309-0016-0004,2,RobotShop,RB-Sct-1456,6.99,on_demand,not_normally_stocked,2026-09-12,https://www.robotshop.com/products/1309-series-sonic-hub-4mm-bore,Nominal wheel-to-hub CAD fit verified; order with wheels; bracket integration pending
motor,conditional_alternative,DFRobot,FIT0185,2,DigiKey,1738-1105-ND,16.50,distributor_inventory,stock_reported,2026-09-12,https://www.digikey.com/en/products/detail/dfrobot/FIT0185/6588527,37 mm body and 6 mm shaft; continuous-duty torque guidance and new mount needed
motor,conditional_alternative,DFRobot,FIT0185,2,Mouser,426-FIT0185,16.50,distributor_inventory,stock_reported,2026-09-12,https://www.mouser.com/en/ProductDetail/DFRobot/FIT0185?qs=lqAf%2FiVYw9g4vmxHGv4taQ%3D%3D,Same FIT0185 as DigiKey row; not a Pololu drop-in
controller,alternative_architecture,DFRobot,DFR0601,1,DigiKey,1738-DFR0601-ND,29.38,distributor_inventory,stock_reported,2026-09-12,https://www.digikey.com/en/products/detail/dfrobot/DFR0601/10279757,Brushed power stage only; MCU and encoder control and motor protection needed
controller,alternative_architecture,DFRobot,DFR0601,1,Mouser,426-DFR0601,29.38,distributor_inventory,stock_reported,2026-09-12,https://www.mouser.com/ProductDetail/DFRobot/DFR0601?qs=PzGy0jfpSMt2BcSAELKXOA%3D%3D,Same DFR0601 as DigiKey row; not a complete RoboClaw replacement
controller_mcu,alternative_architecture,Raspberry Pi,SC1631,1,DigiKey,2648-SC1631CT-ND,6.12,distributor_inventory,stock_reported,2026-09-12,https://www.digikey.com/en/products/detail/raspberry-pi/SC1631/24627136,Pico 2 for DFR0601 architecture; interfacing and firmware and protection are additional
