id,section,qty,status,candidate_or_construction,reference_unit_mass_g,mass_basis,measured_unit_mass_g,measurement_date,reference_envelope_mm,source,notes
battery,core,1,owned_candidate,Zeee 3S 5200mAh 50C XT60,,unknown,,,135 x43 x22 owner-measured body,owner report,Owned3S retained; owner measurement supersedes seller132x43x25. Cables at both corners of one end; new164x59x32 tray. Pack restraint and automatic charge interface unresolved.
frame,core,1,design,Whole main panels with open perimeter frame spacers and load spreaders,,unknown,,,,,270x270mm main pieces inside275mm body; passive rear tool pockets; pickup rails and rear bridge load paths require detailing
core_interfaces,core,1,design,Core-side top/bottom guides and retention cassettes,,unknown,,,,,Core-side halves counted once; bottom has three corner zones plus rear bridge zone; top has four corner zones; guides and retention unselected
trays,core,1,design,Battery power and logic trays plus access panels,,unknown,,,,,Separate serviceable trays; frame excluded
power,core,1,unselected,Protection regulators distribution and current sensing,,unknown,,,,,Remaining core power hardware excludes separately counted 24V converter heat sink pad and fan. Includes carrier components cooling duct/guard fasteners protection logic regulator distribution and sensing; all unweighed.
control,core,1,owned_candidate,Raspberry Pi 4 with cooling and storage,,unknown,,,,https://www.raspberrypi.com/documentation/computers/raspberry-pi.html#power-supply,Pi4 body reference in104x83x32 tray; cooler ports and cable bends must fit; Pi5 is alternative not additive; supervisor counted separately.
perception,core,1,unselected,Additional navigation/obstacle sensors and mounts excluding RPLIDAR,,unknown,,,,,RPLIDAR counted separately; floor-facing sensors remain on bottom; IMU/near-field or vision selection open
core_wiring,core,1,design,Harness and core connector halves,,unknown,,,,,Include wiring and contacts; mechanical carriers counted in interfaces
cap,cap,1,design,Cover optional display and cap-side joint,,unknown,,,270 x 270 x 10 proposed cover; 107 x 81 scanner opening,,Cover envelope not material thickness; body275x275; scanner stays core-fixed; cap lifts70mm before lateral transfer; display and cap joint unselected
drive_motors,vacuum,2,ordered_awaiting_delivery,Pololu 4846 25D HP 12V 75:1 encoder motor,104,manufacturer_reference,,,25 diameter x69 body plus12.5 shaft extension,https://www.pololu.com/product/4846/specs,Two ordered per owner on 2026-09-12; not received or weighed. Earlier BDUAV rig remains optional; current bracket and wheel placement still to design.
wheels,vacuum,2,design_baseline,goBILDA Hogback3626-0014-0072 silicone traction wheel,55,manufacturer_reference,,,72 diameter x24 width,https://www.gobilda.com/hogback-traction-wheel-72mm-diameter-50a-durometer/,Two required; purchase not reported. Supplier wheel/hub CAD mating checked separately. Wet-floor grip and suspension integration unresolved; replaces owned60x8 inventory geometry.
vacuum_chassis,vacuum,1,design,Shared bottom chassis pattern bumper and module-side joint,,unknown,,,,,Includes mechanical guides and retention; excludes drive/tool components
vacuum_control,vacuum,1,unselected,Floor sensors and vacuum harness excluding separately counted MCU and motor power stages,,unknown,,,,,Includes bottom connector half and sensors; roller and side-brush power stages counted with their drive assemblies
head,vacuum,1,design_candidate,Removable brush cassette and common receiver with floor-following compliance,,unknown,,,,docs/VACUUM_CASSETTE_PLAN.md,Roller-only change for compatible Dreame samples; complete head drive and intake change for other mechanisms. CaptiveM3 retention gasketed outlet and keyed plug proposed; dimensions pinout and complete275x275x180 fit unverified. Only installed cassette counted.
bin_filter,vacuum,1,design,Rear bin filter adapter seals plenum and station evacuation interface,,unknown,,,149 x107 x64 bin;149 x103 x40 filter chamber proposed,docs/VACUUM_INTEGRATION.md,Gross1.020L;0.838L after3mm walls alone. Usable0.5-0.6L target unverified. Offset caster outside bin; gates seals baffles remain. Actual filter separate row;141x76x20 allocation not measured filter size.
vacuum_rollers,vacuum,1,ordered_awaiting_delivery,Dreame TriCut replacement brush; exact regional SKU and revision pending,,unknown,,,,docs/VACUUM_RECOMMENDATION_REVIEW.md,Category order reported2026-09-13; expected reference shown; exact supplied revision and quantity not confirmed. Listing200.6x45.1x45.1mm and200g are unverified installed references. Required restraint cutter actuation speed torque unknown. Compare HyperStream and DuoDivide mechanisms; plain Roborock roller is fallback. Matching plain Dreame brush assumed part of comparison order; spare stays off robot and is recorded in vacuum_selection.json.
roller_drive,vacuum,1,unselected,TriCut-compatible roller motor transmission coupler and dedicated power stage; unselected,,unknown,,,,docs/VACUUM_CASSETTE_PLAN.md,Cutter actuation stationary restraint torque speed and permitted clearing direction unverified. Include jam sensing and guarded servicing; wheel controller channels remain assigned. Mount mechanism-specific drive electronics with cassette where practical; shared motor between Dreame samples subject to interface check.
vacuum_filter,vacuum,1,ordered_awaiting_delivery,Roborock S7/S8 washable filter; SDLW05RR regional reference,,unknown,,,,docs/VACUUM_RECOMMENDATION_REVIEW.md,Category order reported2026-09-13; expected reference shown; exact supplied revision and quantity not confirmed. One installed; sold in2-packs. Exact seal and size unresolved; do not reuse136x76x14 s-series dimensions. E11 manufacturer S7 reference; no custom-system rating or verified pressure-loss advantage. Wash then dry fully; dry vacuum only.
side_brush,vacuum,1,owned_candidate,Side brush from kit B088W8HS1Y,,unknown,,,,docs/VACUUM_COMPONENT_SELECTION.md,One front-corner brush feeds main roller intake; consumable mounting and bristle sweep unresolved. Old behind-wheel separate gated inlet removed.
side_brush_drive,vacuum,1,unselected,Front edge-brush motor reduction hub and dedicated power stage,,unknown,,,,docs/VACUUM_COMPONENT_SELECTION.md,No separate edge-inlet gate. Final motor speed torque hub and position unresolved; local jam detection needed. Not supplied by wheel controller.
blower,vacuum,1,ordered_awaiting_delivery,Wonsmart WS7040-24-V200 in BIQU Universal Turbo Kit1060000677,,unknown,,,71 x70 x37.5 bare blower; fittings and cables additional,docs/VACUUM_COMPONENT_SELECTION.md,Category order reported2026-09-13; expected reference shown; exact supplied revision and quantity not confirmed. Use filtered clean air. Exact kit driver curve differs from separate Wonsmart drawing; keep both sourced curves. 24V power branch and duty integration pending; driver/adapter separately counted below.
blower_control,vacuum,1,expected_in_ordered_kit,WS2403DY01V04 driver plus BIQU control adapter included in blower kit,,unknown,,,Driver PCB50x40; adapter PCB38x38; heights/connectors additional,docs/VACUUM_COMPONENT_SELECTION.md,Expected included with ordered blower kit; actual contents unverified until receipt. Included in kit cost; do not buy an extra ESC. Whole assembly mass unknown. Requires24V source hardware default-off path local control cooling and protection. EN floating runs; 6A driver peak is not blower startup requirement. Adapter is optional installed hardware; measure only what is carried.
mop_hardware,mop,1,not_detailed,Complete wheeled mop bottom with dry reservoir pad lift pump and local controls,,unknown,,,,,Replace with detailed component rows during mop design; not additive with vacuum rows
duster_hardware,duster,1,not_detailed,Complete wheeled duster bottom with local controls,,unknown,,,,,Replace with detailed rows during duster design; high-area positioning deferred
low_chassis,low_clearance,1,design,Wheeled low-clearance chassis with local control and module-side joint,,unknown,,,,,Complete independent drivetrain and control set; may reuse ordinary vacuum designs but not their physical components during swaps
low_head,low_clearance,1,design,Low suction head with passive brush or compliant lip and floor supports,,unknown,,,,,40 mm total moving height target; widths and detailed head geometry unselected; pickup unverified
low_extension,low_clearance,1,design,Extension guide drive position sensors moving duct and storage,,unknown,,,,,Approximately 914.4 mm coverage beyond sofa front plus stand-off; exact travel and stowed geometry unselected
low_air_system,low_clearance,1,design,Bin filter blower matched driver and station-emptying port,,unknown,,,,,Separate physical air system on this bottom; do not add ordinary vacuum components to this configuration
lidar,core,1,owned_candidate,SLAMTEC RPLIDAR A1,170,manufacturer_family_reference,,,96.8 x 70.3 x 55 family reference,https://www.slamtec.com/cn/lidar/a1spec,A1M8 family reference; owned revision/cable/mount unconfirmed; 170 g is not an owner measurement
core_supervisor,core,1,purchase_candidate,Core power/interlock MCU; ESP32-DevKitC V4 reference,,unknown,,,,https://documentation.espressif.com/esp-dev-kits/en/latest/esp32/esp32-devkitc/user_guide.html,Owner has no microcontrollers; separate from bottom controller; transceivers and final I/O still to specify
hubs_supports,vacuum,1,unselected,Two goBILDA1309-0016-0004 hubs plus support caster and axle hair shields,,unknown,,,,docs/DRIVETRAIN_SOURCING.md,One assembly group. Hubs4mm clamp bore; supplier wheel/hub CAD mating checked. Purchase unreported. Soft-tread caster swivel envelope height and load remain unselected for10mm transitions; not the owned metal ball caster. Current caster bay80x80x60 uses TENTE78mm sweep as geometry reference only; do not assign its mass to an unselected final caster.
vacuum_mcu,vacuum,1,purchase_candidate,Espressif ESP32-DevKitC V4 bottom controller reference,,unknown,,,,https://documentation.espressif.com/esp-dev-kits/en/latest/esp32/esp32-devkitc/user_guide.html,Owner has no MCU boards; encoder levels/pinout and watchdog required; add transceiver if adopting CAN
drive_hbridge,vacuum,1,ordered_awaiting_delivery,RoboClaw 2x7A IMC404 dual brushed motor controller,18,manufacturer_reference,,,48 x42 x17 manufacturer reference,https://www.basicmicro.com/RoboClaw-2x7A-Motor-Controller_p_55.html,Ordered per owner; received revision unconfirmed. New vacuum_integration reserves RoboClaw geometry; both channels assigned to wheel motors. No older Cytron fit claim.
blower_converter,core,1,working_baseline,Cincon CHB100W-24S24 bare converter,95,manufacturer_reference,,,61 x57.9 x12.7 case; pins extra,https://www.cincon.com/productdownload/Datasheet-CHB100W.pdf,Not ordered or weighed. Nominal placement only; electrical/thermal qualification remains. Remaining mounting and carrier mass counted under power.
converter_heatsink,core,1,candidate,Cincon HBT127 / M-C091,50.4,manufacturer_reference,,,61 x58 x12.7,https://www.cincon.com/_i/assets/upload/files/Datasheet-HS-LBQBHBFB.pdf,Not ordered or weighed. Nominal placement only; electrical/thermal qualification remains. Remaining mounting and carrier mass counted under power.
converter_pad,core,1,candidate,Cincon PH01 thermal pad,1.9,manufacturer_reference,,,60 x56.9 x0.25,https://www.cincon.com/_i/assets/upload/files/Datasheet-HS-LBQBHBFB.pdf,Not ordered or weighed. Nominal placement only; electrical/thermal qualification remains. Remaining mounting and carrier mass counted under power.
converter_fan,core,1,candidate,Noctua NF-A4x10 5V three-wire cooling fan,15,manufacturer_reference,,,40 x40 x12 with pads; current extended specifications,https://www.noctua.at/en/products/nf-a4x10-5v/specifications,Not ordered or weighed. Nominal placement only; electrical/thermal qualification remains. Remaining mounting and carrier mass counted under power.
