id,mass_g,cg_mm,basis
tray,45.003857867904614,"[68.39850702628729, 124.09636071203778, 19.505341496402078]",solid nominal volume
bearing_block_0,9.114874642724242,"[43.99999999999999, 145.0, 32.77815683989551]",solid nominal volume
bearing_bolt_0_140,0.6658605629283569,"[44.0, 140.0, 21.744791666666668]",solid nominal volume
bearing_bolt_0_150,0.6658605629283569,"[44.0, 150.0, 21.744791666666668]",solid nominal volume
bearing_block_1,9.114874642724242,"[88.00000000000001, 144.99999999999997, 32.77815683989551]",solid nominal volume
bearing_bolt_1_140,0.6658605629283572,"[88.0, 140.0, 21.744791666666668]",solid nominal volume
bearing_bolt_1_150,0.6658605629283572,"[88.0, 150.00000000000003, 21.744791666666668]",solid nominal volume
motor_bracket,8.5,"[42.73914471281233, 104.99999999999999, 26.04945941122388]",catalog
motor_screw_0,0.4439070419522378,"[26.3671875, 96.49999999999999, 35.99999999999999]",solid nominal volume
motor_screw_1,0.4439070419522378,"[26.3671875, 113.49999999999999, 35.99999999999999]",solid nominal volume
motor_foot_39.85_94.15,1.1985490132710421,"[39.85, 94.15, 20.699999999999996]",solid nominal volume
motor_foot_39.85_94.15_washer,0.075340889620227,"[39.85000000000001, 94.15000000000002, 17.250000000000007]",solid nominal volume
motor_foot_39.85_94.15_nut,0.3418568087623303,"[39.85, 94.15, 15.799999999999999]",solid nominal volume
motor_foot_39.85_115.85,1.1985490132710421,"[39.85, 115.84999999999998, 20.699999999999996]",solid nominal volume
motor_foot_39.85_115.85_washer,0.075340889620227,"[39.85000000000001, 115.84999999999998, 17.250000000000007]",solid nominal volume
motor_foot_39.85_115.85_nut,0.3418568087623303,"[39.85, 115.85, 15.799999999999999]",solid nominal volume
motor_foot_65.25_94.15,1.198549013271042,"[65.25, 94.15000000000002, 20.699999999999996]",solid nominal volume
motor_foot_65.25_94.15_washer,0.07534088962022698,"[65.25, 94.15000000000003, 17.249999999999996]",solid nominal volume
motor_foot_65.25_94.15_nut,0.34185680876233043,"[65.25, 94.15, 15.800000000000002]",solid nominal volume
motor_foot_65.25_115.85,1.198549013271042,"[65.25, 115.85000000000001, 20.699999999999996]",solid nominal volume
motor_foot_65.25_115.85_washer,0.07534088962022699,"[65.25, 115.84999999999995, 17.249999999999993]",solid nominal volume
motor_foot_65.25_115.85_nut,0.34185680876233043,"[65.25, 115.85, 15.800000000000002]",solid nominal volume
lower_fork,3.2325920100193017,"[80.00720990752994, 129.00000000000003, 19.231744832782123]",solid nominal volume
lower_fork_bolt_65,0.5548838024402973,"[64.99999999999999, 129.00000000000003, 18.293749999999996]",solid nominal volume
lower_fork_bolt_94.5,0.5548838024402973,"[94.49999999999999, 129.00000000000003, 18.29375]",solid nominal volume
stop_arm,4.572972905062419,"[100.00000000000003, 125.50678032635031, 32.45683033343164]",solid nominal volume
stop_arm_angle,1.561521468357478,"[104.01435387830858, 134.26885574228285, 23.719338587034756]",solid nominal volume
arm_angle_horizontal_123,0.4439070419522378,"[101.13281249999999, 122.99999999999999, 25.499999999999996]",solid nominal volume
arm_angle_horizontal_132,0.4439070419522379,"[101.1328125, 132.0, 25.500000000000004]",solid nominal volume
arm_angle_vertical_138,0.6658605629283572,"[104.5, 138.0, 19.255208333333336]",solid nominal volume
arm_angle_vertical_138_washer,0.07534088962022698,"[104.5, 138.00000000000003, 17.249999999999996]",solid nominal volume
arm_angle_vertical_138_nut,0.3418568087623306,"[104.50000000000001, 138.0, 15.800000000000002]",solid nominal volume
arm_angle_vertical_150,0.6658605629283572,"[104.5, 150.00000000000003, 19.255208333333336]",solid nominal volume
arm_angle_vertical_150_washer,0.07534088962022698,"[104.5, 150.0, 17.249999999999996]",solid nominal volume
arm_angle_vertical_150_nut,0.3418568087623306,"[104.50000000000001, 150.0, 15.800000000000002]",solid nominal volume
cheek_outer,5.406079226885099,"[27.515030546825784, 142.84174764025724, 45.23359632756765]",solid nominal volume
cheek_inner,7.983423347157803,"[104.48381276629716, 137.5349765721601, 46.03894006324547]",solid nominal volume
cap,28.74902089385792,"[65.85433363088369, 131.33755898526343, 63.49576039507936]",solid nominal volume
outer_cap_angle,1.991316915144233,"[32.26325678799046, 143.00000000000003, 58.83522616985329]",solid nominal volume
inner_cap_angle,2.2061376215277155,"[99.10257818737752, 146.7049187671834, 58.51957219953939]",solid nominal volume
outer_rail_angle,1.991316915144233,"[31.238636048529518, 143.00000000000003, 68.14015309068579]",solid nominal volume
outer_cheek_joint_136,0.6658605629283569,"[30.244791666666664, 135.99999999999997, 56.50000000000001]",solid nominal volume
outer_cheek_joint_136_washer,0.07534088962022699,"[31.25, 136.0, 56.49999999999999]",solid nominal volume
outer_cheek_joint_136_nut,0.3418568087623304,"[32.7, 136.0, 56.50000000000001]",solid nominal volume
outer_rail_joint_136,0.5548838024402976,"[29.29375, 136.0, 70.99999999999999]",solid nominal volume
outer_rail_joint_136_washer,0.07534088962022698,"[30.25, 136.00000000000003, 70.99999999999999]",solid nominal volume
outer_rail_joint_136_nut,0.34185680876233043,"[31.7, 136.0, 71.0]",solid nominal volume
outer_cheek_joint_150,0.6658605629283569,"[30.244791666666664, 150.0, 56.50000000000001]",solid nominal volume
outer_cheek_joint_150_washer,0.07534088962022699,"[31.25, 150.0, 56.49999999999999]",solid nominal volume
outer_cheek_joint_150_nut,0.3418568087623304,"[32.7, 150.0, 56.50000000000001]",solid nominal volume
outer_rail_joint_150,0.5548838024402976,"[29.29375, 150.0, 70.99999999999999]",solid nominal volume
outer_rail_joint_150_washer,0.07534088962022698,"[30.25, 150.0, 70.99999999999999]",solid nominal volume
outer_rail_joint_150_nut,0.34185680876233043,"[31.7, 150.0, 71.0]",solid nominal volume
inner_cheek_joint_142,1.8413921740240966,"[106.77142857142857, 142.0, 57.5]",solid nominal volume
inner_cheek_joint_142_washer,0.1376111830051935,"[109.25000000000001, 142.00000000000003, 57.5]",solid nominal volume
inner_cheek_joint_142_nut,0.8214632887853627,"[111.1, 142.0, 57.5]",solid nominal volume
inner_cheek_joint_150.5,1.8413921740240966,"[106.77142857142857, 150.50000000000003, 57.5]",solid nominal volume
inner_cheek_joint_150.5_washer,0.1376111830051935,"[109.25000000000001, 150.50000000000003, 57.5]",solid nominal volume
inner_cheek_joint_150.5_nut,0.8214632887853627,"[111.1, 150.5, 57.5]",solid nominal volume
outer_stack_joint,1.1985490132710426,"[35.0, 143.0, 64.20000000000002]",solid nominal volume
outer_stack_joint_washer,0.07534088962022699,"[35.0, 143.0, 59.75000000000001]",solid nominal volume
outer_stack_joint_nut,0.3418568087623304,"[35.0, 143.0, 58.29999999999999]",solid nominal volume
inner_cap_joint,0.4439070419522379,"[97.0, 146.50000000000003, 62.63281250000001]",solid nominal volume
upper_fork,2.437458189580608,"[79.68906615888208, 131.78868036722258, 52.708554459679355]",solid nominal volume
preload_shim,4.220272949802352,"[78.99180343002436, 133.77049604068176, 59.00000000000001]",solid nominal volume
upper_fork_bolt_70,0.9987908443925357,"[70.0, 141.00000000000003, 57.83680555555555]",solid nominal volume
upper_fork_bolt_70_washer,0.07534088962022698,"[70.0, 141.0, 53.749999999999986]",solid nominal volume
upper_fork_bolt_70_nut,0.3418568087623304,"[70.0, 141.0, 52.29999999999999]",solid nominal volume
upper_fork_bolt_88.5,0.9987908443925357,"[88.49999999999999, 141.00000000000003, 57.83680555555555]",solid nominal volume
upper_fork_bolt_88.5_washer,0.07534088962022698,"[88.49999999999999, 141.0, 53.749999999999986]",solid nominal volume
upper_fork_bolt_88.5_nut,0.3418568087623305,"[88.5, 141.0, 52.3]",solid nominal volume
pivot_pin,31.566722983270214,"[66.00000000000001, 145.00000000000003, 36.00000000000001]",solid nominal volume
collar_0,5.1,"[34.0, 144.99999999999997, 35.99999999999999]",catalog
collar_1,5.1,"[97.99999999999997, 144.99999999999997, 35.99999999999999]",catalog
stop_sleeve,1.328391823042071,"[100.00000000000001, 124.99999999999999, 45.99999999999999]",solid nominal volume
stop_washer,0.35468172651983765,"[96.60000000000002, 125.00000000000001, 46.0]",solid nominal volume
stop_nut,1.0043396824169388,"[94.85, 125.0, 46.000000000000014]",solid nominal volume
stop_screw,2.6716627524903194,"[100.19591346153845, 125.0, 46.00000000000001]",solid nominal volume
lower_cup,0.7403365486439767,"[79.99999409732828, 128.99999913162688, 24.00000225442827]",solid nominal volume
upper_cup,0.7403365486117898,"[79.9999940973445, 128.99999913150012, 50.0000022544818]",solid nominal volume
lower_guide,0.13016796461067617,"[79.99999999999999, 129.0, 34.24999999999999]",solid nominal volume
upper_guide,0.4022190106469888,"[80.0, 129.0, 39.75000000000001]",solid nominal volume
lower_trunnion,1.2540373935150726,"[79.99999999999999, 129.0, 24.0]",solid nominal volume
upper_trunnion,1.2540373935150724,"[79.99999999999999, 128.99999999999997, 49.999999999999986]",solid nominal volume
spring_and_bushings,5,"[70, 135, 36]",allowance
sensor_and_cables,8,"[80, 140, 45]",allowance
